frame,1_x,1_y,1_z,2_x,2_y,2_z,3_x,3_y,3_z,4_x,4_y,4_z,5_x,5_y,5_z,6_x,6_y,6_z,7_x,7_y,7_z,8_x,8_y,8_z,9_x,9_y,9_z,10_x,10_y,10_z,11_x,11_y,11_z
1,-0.0,-0.0,-0.0,-0.53895175,0.66862404,1.0522183,0.38180465,0.48816016,1.3043263,-0.26033005,-0.041798566,-0.045914236,-0.16176277,0.0687721,-1.0455996,-0.12942766,-0.3263453,-1.8827987,0.05585922,-0.14225529,-2.1447725,0.26033005,0.041798566,0.045914236,0.14877895,-0.2709372,-0.77239734,0.12713414,-1.111606,-1.4848394,0.25733086,-1.0097291,-1.694538
2,-0.0,-0.0,-0.0,-0.5374346,0.710814,1.0506276,0.37870303,0.5042411,1.3009338,-0.2602283,-0.030522063,-0.045929298,-0.16642459,0.08686613,-0.987623,-0.14653443,-0.28949752,-1.841965,0.038356833,-0.085300475,-2.0979395,0.2602283,0.030522063,0.045929298,0.14350633,-0.54283977,-0.7638707,0.116255924,-1.430416,-1.4099094,0.2558989,-1.3234543,-1.6576577
3,-0.0,-0.0,-0.0,-0.52893233,0.7228378,1.0532249,0.3809286,0.50484776,1.3009948,-0.25799677,-0.01141259,-0.04596844,-0.16053075,0.15326387,-0.98327494,-0.14580937,-0.15194002,-1.8442266,0.039054308,0.061505426,-2.1010952,0.25799677,0.01141259,0.04596844,0.14628947,-0.66279536,-0.7482526,0.113630444,-1.6079366,-1.2989686,0.25072128,-1.5366892,-1.5711385
4,-0.0,-0.0,-0.0,-0.52650094,0.7774944,1.0493357,0.38175267,0.5391597,1.2659292,-0.25785574,-0.0050339405,-0.04541716,-0.1605987,0.21666571,-0.9834854,-0.10042889,0.04035494,-1.8744682,0.03837693,0.2837222,-2.1033783,0.25785574,0.0050339405,0.04541716,0.1446667,-0.73167413,-0.72079355,0.08721923,-1.7258368,-1.2254443,0.17815657,-1.6058924,-1.4868034
5,-0.0,-0.0,-0.0,-0.51644915,0.697901,1.0686519,0.3834828,0.49906787,1.2741721,-0.25669256,-0.0055073383,-0.045470327,-0.1515432,0.19884849,-1.0093149,-0.08027158,-0.03809916,-1.9299972,0.0043378933,0.19385172,-2.1316454,0.25669256,0.0055073383,0.045470327,0.15415798,-0.66999257,-0.6424512,0.11131722,-1.63086,-1.1695141,0.1866559,-1.54005,-1.4152637
6,-0.0,-0.0,-0.0,-0.51669896,0.69548726,1.0695205,0.38311243,0.49866542,1.2769966,-0.25676754,-0.013816462,-0.045433335,-0.16127329,0.10984467,-1.0244675,-0.082261294,-0.2623604,-1.926548,-0.038081534,-0.07966205,-2.1360998,0.25676754,0.013816462,0.045433335,0.15174012,-0.6105828,-0.6493874,0.1042555,-1.6179608,-1.0783515,0.121050835,-1.5597758,-1.3225691
7,-0.0,-0.0,-0.0,-0.51543176,0.6994504,1.0690145,0.38200232,0.50759083,1.2741627,-0.25683925,-0.015380448,-0.045756947,-0.17120236,0.12172079,-1.0303755,-0.09312654,-0.25716558,-1.9243981,-0.059889637,-0.06910171,-2.1368697,0.25683925,0.015380448,0.045756947,0.17664404,-0.6694737,-0.59191275,0.20061773,-1.7709465,-0.946612,0.21336275,-1.735264,-1.1695651
8,-0.0,-0.0,-0.0,-0.5292341,0.66442746,1.0773814,0.37608314,0.50530684,1.2796675,-0.25716367,-0.027786493,-0.045394775,-0.19615068,0.108105384,-1.0197372,-0.1338325,-0.48356512,-1.8037654,-0.07572494,-0.41851023,-2.0709352,0.25716367,0.027786493,0.045394775,0.18763624,-0.47404382,-0.5906342,0.21794657,-1.6572697,-0.9338296,0.21936834,-1.6329204,-1.1722925
9,-0.0,-0.0,-0.0,-0.52961624,0.5007903,1.0882076,0.3752828,0.38068542,1.2986412,-0.25876698,-0.047125764,-0.042643208,-0.1988128,0.042183507,-0.9866932,-0.13383058,-0.68912536,-1.6952178,-0.067509726,-0.653042,-1.9703047,0.25876698,0.047125764,0.042643208,0.18410867,-0.36550298,-0.6009084,0.20808055,-1.5740571,-1.0280521,0.22006793,-1.5913858,-1.2651212
10,-0.0,-0.0,-0.0,-0.53083086,0.46145424,1.1090075,0.3681737,0.35487953,1.3058103,-0.25940755,-0.07005749,-0.037566956,-0.20769493,-0.04674408,-0.9290933,-0.13788283,-0.81270236,-1.6461835,-0.072551906,-0.7755992,-1.92619,0.25940755,0.07005749,0.037566956,0.18353778,-0.2803515,-0.63015145,0.2184506,-1.3596021,-1.1794803,0.23307492,-1.3256129,-1.4127023
11,-0.0,-0.0,-0.0,-0.5321107,0.50301397,1.1053838,0.36332822,0.37264934,1.3051742,-0.2655305,-0.08856674,-0.035792306,-0.21140824,-0.055525113,-0.9202368,-0.15340279,-0.89369774,-1.661485,-0.0672895,-0.83530414,-1.9304366,0.2655305,0.08856674,0.035792306,0.18327853,-0.16121699,-0.65838104,0.22895378,-1.0646573,-1.3909359,0.25209376,-0.9348622,-1.5974517
12,-0.0,-0.0,-0.0,-0.53173465,0.5305571,1.1032001,0.35845378,0.4240024,1.302526,-0.2659819,-0.09830422,-0.030155983,-0.17429946,-0.12254234,-0.9231731,-0.15284815,-1.0238968,-1.5756949,-0.06289557,-1.0321274,-1.83545,0.2659819,0.09830422,0.030155983,0.18549976,-0.04917661,-0.7372415,0.2883016,-0.680255,-1.6828374,0.29193214,-0.45142013,-1.9157989
13,-0.0,-0.0,-0.0,-0.52439857,0.641422,1.1015311,0.35653836,0.49578696,1.2871459,-0.26606986,-0.10556859,-0.019822158,-0.17157109,-0.32927346,-0.90753025,-0.14070708,-1.1871374,-1.5216112,-0.053510062,-1.2080444,-1.7528926,0.26606986,0.10556859,0.019822158,0.18511677,-0.05294689,-0.77653503,0.2737167,-0.57791704,-1.7670141,0.2863385,-0.34254807,-1.9984876
14,-0.0,-0.0,-0.0,-0.5180131,0.7180273,1.0885298,0.34818065,0.55686337,1.2630298,-0.265244,-0.111861624,-0.012636851,-0.16812623,-0.3232874,-0.8970734,-0.13503584,-1.0408704,-1.5626073,-0.051760543,-1.0170214,-1.7845397,0.265244,0.111861624,0.012636851,0.15727195,0.062071495,-0.78453296,0.26742446,-0.2571094,-1.8230535,0.20607314,0.039275628,-2.0281436
15,-0.0,-0.0,-0.0,-0.5100502,0.7748225,1.0495799,0.3485053,0.6041963,1.2293192,-0.2654447,-0.11383313,-0.01114359,-0.16387515,-0.265656,-0.9051114,-0.13575916,-0.97836673,-1.5944408,-0.05491892,-0.9453447,-1.8183787,0.2654447,0.11383313,0.01114359,0.1397919,0.06596831,-0.7941096,0.17123775,-0.35743812,-1.8159823,0.08304641,-0.09964484,-2.020004
16,-0.0,-0.0,-0.0,-0.47193116,0.76731974,0.98382366,0.36405572,0.6434482,1.1779505,-0.24904603,-0.11428813,0.049857438,-0.20188352,-0.089021824,0.2648855,-0.09249371,-0.33970702,0.40459716,0.111052416,-0.31742275,0.5993052,0.24904603,0.11428813,-0.049857438,0.033811968,0.031577855,-0.87324744,-0.0103622405,-0.5489205,-1.8924903,-0.15254296,-0.33958095,-2.0272832
17,-0.0,-0.0,-0.0,-0.45470977,0.7936667,0.9938339,0.3823679,0.63951075,1.1856806,-0.2504335,-0.11272873,0.0428523,-0.17543256,-0.25931484,-0.17841752,-0.09504136,-1.2270151,-0.760458,0.090857856,-1.3430724,-0.8628294,0.2504335,0.11272873,-0.0428523,0.05485143,-0.0006148797,-0.85354733,-0.0076651755,-0.60093385,-1.7720437,-0.07240964,-0.4227747,-1.9567822
18,-0.0,-0.0,-0.0,-0.44886172,0.775171,1.0012845,0.3944534,0.6282346,1.1829741,-0.25079077,-0.11153776,0.052394155,-0.26401356,-0.11085045,-0.092802845,-0.0642402,-1.102499,-0.06288071,0.17796366,-1.0533271,-0.07830564,0.25079077,0.11153776,-0.052394155,0.06617321,-0.022064414,-0.85162365,-0.053324405,-0.6206141,-1.7508713,-0.13995151,-0.4787674,-1.9540386
19,-0.0,-0.0,-0.0,-0.45300665,0.7819586,1.0042853,0.3963346,0.6348112,1.1750352,-0.25146124,-0.110615924,0.04335037,-0.25797287,-0.107155085,-0.8061198,-0.21732722,-0.8567926,-1.6320013,-0.054238748,-0.73578495,-1.8942188,0.25146124,0.110615924,-0.04335037,0.07295037,0.047003422,-0.8408008,-0.0155148385,-0.42706737,-1.8002465,-0.074204,-0.19762291,-2.0144722
20,-0.0,-0.0,-0.0,-0.45487738,0.8275168,1.0077014,0.39533377,0.67086893,1.1582123,-0.2522642,-0.10845632,0.04125834,-0.22460525,-0.30907497,-0.8234914,-0.20558089,-1.4189523,-1.0095661,-0.022760045,-1.5860616,-1.1564865,0.2522642,0.10845632,-0.04125834,0.08518972,0.027639907,-0.83295953,0.0025553051,-0.54764074,-1.7670166,-0.043575216,-0.34763247,-1.9913962
21,-0.0,-0.0,-0.0,-0.4557382,0.83025545,1.0095804,0.39476824,0.68747836,1.1576879,-0.25289384,-0.1052318,0.03932643,-0.23139289,-0.19339766,-0.86249775,-0.21751821,-1.3082906,-0.6360895,-0.017480662,-1.5284114,-0.7253273,0.25289384,0.1052318,-0.03932643,0.08885109,-0.049301345,-0.83597887,0.0073549016,-0.8250406,-1.7634771,-0.042350497,-0.71507496,-1.971736
22,-0.0,-0.0,-0.0,-0.45782086,0.8103369,1.0551028,0.3934713,0.66441524,1.159736,-0.25451404,-0.10482477,0.035354577,-0.23083799,-0.13184656,-0.89437187,-0.21318217,-1.2374867,-0.8790335,-0.0027901102,-1.4035665,-1.1100088,0.25451404,0.10482477,-0.035354577,0.091891885,-0.036294922,-0.81404406,0.045623966,-0.80726236,-1.7359905,0.0009708598,-0.67756873,-1.9599127
23,-0.0,-0.0,-0.0,-0.45959866,0.7737823,1.0927079,0.40207914,0.6633137,1.1603341,-0.25856397,-0.10519332,0.033569828,-0.2453182,-0.09241766,-0.8689086,-0.28963307,-1.170826,-1.3149918,-0.20589103,-1.2847598,-1.6152912,0.25856397,0.10519332,-0.033569828,0.11007904,0.041328013,-0.79762685,0.079768136,-0.7427051,-1.6562023,0.055382956,-0.59369075,-1.889579
24,-0.0,-0.0,-0.0,-0.461657,0.77018046,1.0916865,0.43189994,0.6541614,1.1637121,-0.26970214,-0.10372115,0.028210348,-0.30165985,0.062175613,-0.86665213,-0.34558034,-0.7306251,-1.6038605,-0.3008137,-0.66148305,-1.8732263,0.26970214,0.10372115,-0.028210348,0.14542982,0.0175128,-0.7869634,0.12035547,-0.82264376,-1.5633559,0.13272198,-0.6575858,-1.7775868
25,-0.0,-0.0,-0.0,-0.46382868,0.76298845,1.0875244,0.43084592,0.6487886,1.1670054,-0.2729398,-0.10434635,0.025078883,-0.33017918,0.043357287,-0.9301921,-0.3917107,-0.7863973,-1.7284992,-0.38212046,-0.7272996,-1.9866699,0.2729398,0.10434635,-0.025078883,0.14424197,-0.026064672,-0.7520255,0.1275156,-0.98286104,-1.462695,0.12589124,-0.84949243,-1.6717365
26,-0.0,-0.0,-0.0,-0.46418092,0.63363457,1.1196588,0.43124866,0.5233987,1.2073966,-0.27404618,-0.08925077,0.02191348,-0.36296436,0.078738034,-0.9359602,-0.4359013,-0.35009125,-1.7794042,-0.4709745,-0.18415141,-1.995149,0.27404618,0.08925077,-0.02191348,0.16841996,-0.36116722,-0.7526065,0.16540806,-1.4321785,-1.3620044,0.18939158,-1.3544954,-1.6012621
27,-0.0,-0.0,-0.0,-0.4657974,0.61275655,1.1342596,0.4302805,0.49540463,1.2216057,-0.27453285,-0.07057476,0.017928528,-0.39084685,0.16149466,-0.9319102,-0.49173728,-0.11800836,-1.802974,-0.5223181,0.09191998,-1.9914572,0.27453285,0.07057476,-0.017928528,0.20137727,-0.47860625,-0.7532927,0.21830446,-1.49911,-1.3143772,0.2431687,-1.399142,-1.5601007
28,-0.0,-0.0,-0.0,-0.49625355,0.70402807,1.1306322,0.40648764,0.54123634,1.2241522,-0.27304816,-0.03484124,0.0050556585,-0.38198188,0.185353,-0.9246128,-0.57435596,-0.09861872,-1.7951804,-0.5445732,0.12790856,-1.9548675,0.27304816,0.03484124,-0.005055658,0.21527016,-0.7818502,-0.7331808,0.2643104,-1.8164248,-1.1788851,0.3335086,-1.7140071,-1.395491
29,-0.0,-0.0,-0.0,-0.49915627,0.7553981,1.0891972,0.40476793,0.6077645,1.2196308,-0.2711802,-0.02797805,-0.007836866,-0.36871272,0.21935736,-0.97030735,-0.5139124,-0.003915017,-1.8708358,-0.4620063,0.22743031,-2.015083,0.2711802,0.02797805,0.007836866,0.21437474,-0.7646997,-0.7177932,0.3341388,-1.8625163,-1.1236708,0.4298017,-1.7899498,-1.3146106
30,-0.0,-0.0,-0.0,-0.5124887,0.7827371,1.0951148,0.3884612,0.6122275,1.22122,-0.26871544,-0.016796293,-0.015402342,-0.36079144,0.2258192,-0.9847349,-0.5017793,-0.0497443,-1.8662031,-0.4850633,0.12982398,-2.035497,0.26871544,0.016796293,0.015402342,0.25792414,-0.7858656,-0.66334945,0.43137166,-1.8639611,-1.0142655,0.51824784,-1.7859019,-1.2087504
31,-0.0,-0.0,-0.0,-0.50665283,0.79405993,1.0894256,0.38864547,0.633984,1.1836317,-0.2682276,-0.020140717,-0.020129139,-0.35634652,0.18948331,-1.0148556,-0.47883576,-0.21447083,-1.8758637,-0.44961146,-0.07667828,-2.0850105,0.2682276,0.020140717,0.020129139,0.29876405,-0.78929055,-0.5689302,0.53184986,-1.915569,-0.89368206,0.61742544,-1.8887402,-1.0871035
32,-0.0,-0.0,-0.0,-0.49697557,0.78813785,1.0772604,0.4012574,0.63812536,1.1764085,-0.2682319,-0.030774364,-0.021584911,-0.30842435,0.104462355,-1.0783433,-0.3736888,-0.51138735,-1.8623224,-0.40671247,-0.50936294,-2.120213,0.2682319,0.030774364,0.021584911,0.3070431,-0.44183382,-0.60341436,0.55897176,-1.7436922,-0.84436584,0.6506903,-1.6699476,-0.9718505
33,-0.0,-0.0,-0.0,-0.4968409,0.68570244,1.0781295,0.41389897,0.57582796,1.177693,-0.27166036,-0.032471217,-0.022124378,-0.2709942,0.18621917,-1.060678,-0.32372004,-0.4995077,-1.8551426,-0.3229306,-0.4550617,-2.0436587,0.27166036,0.032471217,0.022124378,0.29330537,-0.36103123,-0.61405164,0.48495084,-1.655608,-0.8966879,0.55171984,-1.6830094,-1.0560805
34,-0.0,-0.0,-0.0,-0.49688563,0.5787559,1.0862961,0.41418457,0.5354909,1.19549,-0.27462542,-0.053906612,-0.022172851,-0.25280932,0.027987843,-1.0511856,-0.24256052,-0.76759607,-1.795555,-0.24721766,-0.7212297,-2.0304115,0.27462542,0.053906612,0.022172851,0.25853783,-0.37997067,-0.6228324,0.45201716,-1.612986,-0.9680754,0.53030086,-1.6100689,-1.1430118
35,-0.0,-0.0,-0.0,-0.49268162,0.6084573,1.0853009,0.40355,0.557371,1.1956735,-0.27421895,-0.08024907,-0.021869065,-0.19522184,-0.30030385,-0.9952407,-0.2030019,-1.1559217,-1.7175721,-0.19255643,-1.1387218,-2.0161047,0.27421895,0.08024907,0.021869065,0.2209376,-0.39856285,-0.6198439,0.44422266,-1.589036,-1.1360117,0.4824522,-1.5209844,-1.3417372
36,-0.0,-0.0,-0.0,-0.49936625,0.67526424,1.0852202,0.36059663,0.62145156,1.1994144,-0.27220982,-0.10068588,-0.015751194,-0.19465145,-0.30057478,-0.97696704,-0.21268812,-1.1541145,-1.6546214,-0.18390107,-1.1898881,-1.9468688,0.27220982,0.10068588,0.015751194,0.14153072,-0.24526551,-0.70186424,0.19214034,-0.9712905,-1.5971057,0.1786284,-0.813518,-1.8290899
37,-0.0,-0.0,-0.0,-0.47306302,0.7099542,1.0749091,0.3512469,0.6761669,1.1884345,-0.2689586,-0.13083604,-0.006973986,-0.1760577,-0.50277185,-0.94471276,-0.18540414,-1.3322457,-1.6378497,-0.1726522,-1.3650354,-1.8852494,0.2689586,0.13083604,0.006973986,0.090078615,-0.16844931,-0.7707716,0.083141826,-0.8050613,-1.7306288,0.020602198,-0.61017394,-1.9446163
38,-0.0,-0.0,-0.0,-0.46708664,0.7502849,1.0509435,0.35297146,0.66868883,1.1875364,-0.26625645,-0.12835006,0.0012510038,-0.15874068,-0.49156886,-0.88346386,-0.13499346,-1.3791136,-1.4510013,-0.050086554,-1.4621757,-1.6692905,0.26625645,0.12835006,-0.0012510045,0.054748647,-0.037554774,-0.8022217,0.015846493,-0.61019933,-1.7658027,-0.034851838,-0.4263255,-1.9926214
39,-0.0,-0.0,-0.0,-0.437502,0.7006672,0.98089004,0.3566602,0.6626895,1.1600277,-0.23965505,-0.1261176,0.061503086,-0.33367547,-0.061635535,0.5539139,-0.055597223,-0.14483058,0.60220367,0.18462358,-0.101916,0.73691285,0.23965505,0.1261176,-0.061503086,-0.016169487,-0.1256837,-0.87942505,-0.07033676,-0.647018,-1.8449686,-0.20492472,-0.44625056,-1.9866754
40,-0.0,-0.0,-0.0,-0.4252088,0.7621731,0.9549814,0.36070764,0.7001235,1.0885092,-0.240305,-0.13049592,0.057774644,-0.20573728,0.060749732,-0.07779202,0.16679624,-0.47543386,-0.6245012,0.38002792,-0.44826657,-0.7645279,0.240305,0.13049592,-0.057774644,-0.06480212,0.12474856,-0.8473094,-0.2358699,-0.3289549,-1.8140423,-0.31544665,-0.12810284,-1.996076
41,-0.0,-0.0,-0.0,-0.42357785,0.85381544,0.9393026,0.3687659,0.73206127,1.0485328,-0.24119705,-0.13061403,0.05302663,-0.028780522,0.007964702,-0.2927903,0.23628558,-0.9556223,-0.84876317,0.40127254,-1.0966611,-1.0329648,0.24119705,0.13061403,-0.05302663,-0.0588477,0.34700656,-0.844903,-0.2674041,-0.03456276,-1.7807224,-0.31848675,0.18526188,-1.9480098
42,-0.0,-0.0,-0.0,-0.40804,0.71938896,0.94337744,0.40959308,0.67727983,1.0406252,-0.2418383,-0.13111177,0.055278502,-0.07672905,0.5658761,-0.09100658,0.32373995,0.11024772,-0.7003771,0.5865863,0.18380104,-0.88346726,0.2418383,0.13111177,-0.055278502,-0.0702728,0.42801797,-0.75930226,-0.29071796,0.15079121,-1.7886187,-0.35791153,0.43539557,-1.9404926
43,-0.0,-0.0,-0.0,-0.40143523,0.5943577,0.9569424,0.44490257,0.541738,1.0558921,-0.24230532,-0.12542069,0.059296444,-0.2872594,0.83555216,0.06491284,0.29189593,0.51415193,-0.5378499,0.6248393,0.6853573,-0.68173486,0.24230532,0.12542069,-0.059296444,-0.07863885,0.2349054,-0.7565713,-0.28869832,-0.1670748,-1.793971,-0.36531657,0.15681042,-1.9702522
44,-0.0,-0.0,-0.0,-0.37898895,0.7935293,0.9627054,0.44079015,0.6878208,1.0531236,-0.24418376,-0.12524538,0.059659913,-0.29949978,-0.56391037,-0.50519776,-0.24779373,-1.7505457,-0.5325939,-0.040448077,-1.9570462,-0.66311604,0.24418376,0.12524538,-0.059659913,-0.06710233,-0.046518464,-0.80179244,-0.22844177,-0.56185186,-1.7631278,-0.30918336,-0.3518838,-1.9822029
45,-0.0,-0.0,-0.0,-0.38160348,0.85950506,0.96443105,0.4371865,0.7247857,1.0601809,-0.24575678,-0.12124922,0.059049755,-0.28662178,-0.265285,-0.7788301,-0.3598966,-1.4320681,-0.50717235,-0.1709747,-1.678224,-0.5989205,0.24575678,0.12124922,-0.059049755,-0.0599657,-0.08186968,-0.81178546,-0.19354005,-0.7013269,-1.7539638,-0.27327803,-0.5641817,-1.9935491
46,-0.0,-0.0,-0.0,-0.41170335,0.8630946,0.9657246,0.4146874,0.7449488,1.0644282,-0.248659,-0.120725036,0.049759675,-0.31425437,-0.22894146,-0.81114686,-0.25948972,-1.4628413,-0.4899621,-0.044239447,-1.7127255,-0.5855274,0.248659,0.120725036,-0.049759675,-0.056986317,-0.08048889,-0.78914213,-0.17501761,-0.81724024,-1.6238766,-0.25092474,-0.71134645,-1.9154917
47,-0.0,-0.0,-0.0,-0.44764513,0.84673935,0.9682378,0.3829056,0.7341706,1.069164,-0.25139302,-0.12123128,0.03817897,-0.33398655,-0.06680719,-0.77675015,-0.20743255,-1.216222,-0.5063742,-0.023507047,-1.4215423,-0.71526235,0.25139302,0.12123128,-0.03817897,-0.05403622,0.0224973,-0.7377686,-0.06972623,-0.8437803,-1.4761083,-0.1695221,-0.79038227,-1.7549059
48,-0.0,-0.0,-0.0,-0.4477976,0.7566108,1.0027404,0.40454102,0.72029257,1.0878072,-0.26164222,-0.12702829,0.033097405,-0.33687618,-0.2324313,-0.8185184,-0.34068376,-1.3510911,-1.2831656,-0.31959844,-1.434697,-1.5294994,0.26164222,0.12702829,-0.033097405,0.06251295,-0.1409966,-0.6921599,0.022789769,-1.1245075,-1.3775804,-0.027601311,-1.0054996,-1.618127
49,-0.0,-0.0,-0.0,-0.4451809,0.6273694,1.0736051,0.40919438,0.58044827,1.1499282,-0.26774558,-0.12671037,0.026928004,-0.38734758,-0.14178187,-0.8494298,-0.4585001,-1.1410002,-1.5259854,-0.46871838,-1.1379459,-1.8125261,0.26774558,0.12671037,-0.026928004,0.07930005,-0.1493461,-0.69558674,0.10588915,-1.1724112,-1.3351964,0.03871897,-1.1080747,-1.546259
50,-0.0,-0.0,-0.0,-0.44562674,0.5866361,1.1229463,0.4224194,0.48232573,1.1917593,-0.27204219,-0.106612556,0.023248192,-0.4096672,0.16014898,-0.8479393,-0.53396314,-0.446605,-1.6434486,-0.56634235,-0.34208086,-1.8910382,0.27204219,0.106612556,-0.023248192,0.19546768,-0.22370844,-0.7111444,0.19043319,-1.2605163,-1.3350732,0.15602006,-1.1732377,-1.5596882
51,-0.0,-0.0,-0.0,-0.4559343,0.6915918,1.1240308,0.42219397,0.51211804,1.2100774,-0.2719609,-0.05290226,0.019937383,-0.43392828,0.21315578,-0.84407914,-0.60426044,-0.07306713,-1.6899248,-0.67262113,0.097777896,-1.8271307,0.2719609,0.05290226,-0.019937383,0.22043948,-0.6717739,-0.71219164,0.23084566,-1.7313906,-1.2912925,0.23337223,-1.5827996,-1.5085438
52,-0.0,-0.0,-0.0,-0.4671816,0.86832935,1.0462093,0.4152841,0.6967124,1.1232203,-0.27191803,-0.043900073,0.014469395,-0.48302105,0.3749398,-0.826628,-0.61601645,0.21642594,-1.5985123,-0.5707845,0.35628468,-1.694337,0.27191803,0.043900073,-0.014469395,0.19381186,-0.7738563,-0.68123573,0.32624987,-2.0540466,-1.110735,0.4161113,-1.9825803,-1.2693318
53,-0.0,-0.0,-0.0,-0.46711975,0.9184517,0.9844032,0.3907712,0.7678883,1.0839592,-0.2690845,-0.04416536,0.0050889086,-0.45671517,0.45370743,-0.83308655,-0.6110863,0.37497863,-1.6838381,-0.56978714,0.47540537,-1.7780358,0.2690845,0.04416536,-0.005088908,0.17872274,-0.7593939,-0.65722686,0.37506828,-2.0095232,-1.0585679,0.4592734,-1.9411438,-1.183992
54,-0.0,-0.0,-0.0,-0.46740973,0.94244325,0.943716,0.3876578,0.8073895,1.0185822,-0.26900983,-0.037637785,-0.0032135355,-0.44156167,0.37956458,-0.88465464,-0.56598884,0.04372674,-1.730078,-0.504345,0.20901605,-1.8826171,0.26900983,0.037637785,0.0032135353,0.2481326,-0.77093315,-0.63191295,0.432869,-1.9015788,-0.98404956,0.54091215,-1.8438216,-1.135005
55,-0.0,-0.0,-0.0,-0.47792208,0.92798096,0.9539744,0.38739908,0.80148923,0.9992316,-0.26776308,-0.037636757,-0.009037232,-0.39703658,0.3245842,-0.9743961,-0.53162324,-0.07261436,-1.8363109,-0.5218313,0.056806374,-2.0419886,0.26776308,0.037636757,0.009037232,0.29498023,-0.7122094,-0.6217877,0.5592519,-1.7967569,-0.95453537,0.62718254,-1.7787645,-1.1536314
56,-0.0,-0.0,-0.0,-0.47535786,0.9088052,0.9744255,0.38942295,0.7873846,1.0099617,-0.26231313,-0.04451995,-0.009832859,-0.37287155,0.13757025,-1.0292257,-0.4700716,-0.43746802,-1.8131433,-0.4874418,-0.48765865,-2.0893984,0.26231313,0.04451995,0.009832858,0.28515545,-0.17386825,-0.62075317,0.65173185,-1.3647313,-0.76546395,0.72039545,-1.7429801,-0.9162193
57,-0.0,-0.0,-0.0,-0.4854869,0.89589137,0.9764249,0.390138,0.783429,1.0204709,-0.26196143,-0.04649181,-0.010257551,-0.33177245,0.12345366,-0.98842955,-0.36244297,-0.56038487,-1.7234554,-0.45908043,-0.6420865,-1.9821485,0.26196143,0.04649181,0.010257551,0.28294402,-0.24988055,-0.6406187,0.5842982,-1.4848368,-0.7310429,0.67381895,-1.7374765,-0.8864366
58,-0.0,-0.0,-0.0,-0.48246565,0.8747016,0.97821295,0.401437,0.77469885,1.0274695,-0.26207477,-0.04972679,-0.009996925,-0.239286,0.14962472,-0.9715419,-0.28376564,-0.53590626,-1.7061404,-0.3256108,-0.59396666,-1.9044908,0.26207477,0.04972679,0.009996925,0.2948413,-0.22935782,-0.7643916,0.515312,-1.4887391,-0.858042,0.5765542,-1.6658102,-1.0035591
59,-0.0,-0.0,-0.0,-0.4818913,0.82320553,1.0231446,0.4022619,0.7222484,1.0702221,-0.26206124,-0.061201222,-0.009796654,-0.20967406,-0.017447451,-0.9509174,-0.23384067,-0.82007897,-1.7021364,-0.24473605,-0.86978674,-1.8706756,0.26206124,0.061201222,0.009796654,0.26350844,-0.2669818,-0.7604048,0.4856154,-1.4567151,-1.0840081,0.5354038,-1.5819266,-1.2493906
60,-0.0,-0.0,-0.0,-0.46297362,0.78082395,1.0328985,0.40170962,0.73980063,1.0912628,-0.26089507,-0.09417447,-0.0012411249,-0.19128215,-0.4959035,-0.9364978,-0.16239628,-1.3591145,-1.6944913,-0.18474415,-1.3919553,-1.8539667,0.26089507,0.09417447,0.0012411253,0.10077857,-0.28597677,-0.751107,0.1899178,-1.2487421,-1.4390906,0.21661492,-1.1267389,-1.6171595
61,-0.0,-0.0,-0.0,-0.4424913,0.740178,1.0473853,0.4088064,0.7437446,1.0978712,-0.26048326,-0.104041815,0.0077123977,-0.1389094,-0.6980489,-0.8456887,-0.1260086,-1.6757269,-1.4370036,-0.11176785,-1.7559366,-1.6926672,0.26048326,0.104041815,-0.0077123977,0.06184949,-0.38930222,-0.7442319,0.12520564,-1.2961842,-1.4041857,0.13797753,-1.2345341,-1.6225967
62,-0.0,-0.0,-0.0,-0.43529084,0.74271536,1.0439725,0.40037683,0.7447598,1.0985802,-0.26010814,-0.11631391,0.018661372,-0.11319843,-0.94824487,-0.61385727,-0.07977518,-1.9509201,-1.0399784,-0.03634552,-2.0971122,-1.2981033,0.26010814,0.11631391,-0.018661372,0.03861469,-0.33049637,-0.7463733,0.032217808,-1.1477741,-1.4895883,-0.01965839,-1.0397807,-1.7518655
63,-0.0,-0.0,-0.0,-0.41835108,0.7311575,1.000361,0.40379462,0.73109084,1.0966046,-0.24503298,-0.12455121,0.07718755,-0.29081166,-0.2273636,0.70059466,0.07725241,-0.60985345,0.3508418,0.36039382,-0.66782993,0.28244865,0.24503298,0.12455121,-0.07718755,-0.0036477535,-0.15623727,-0.76469517,-0.052553967,-0.81127775,-1.7206733,-0.17059939,-0.670854,-1.9203451
64,-0.0,-0.0,-0.0,-0.41683367,0.7882426,0.9613496,0.3858401,0.7359996,1.0522684,-0.24299099,-0.13468422,0.07061108,-0.020155916,-0.90358263,-0.083119854,0.17528139,-1.8351394,-0.61851394,0.28713515,-1.9528732,-0.78496736,0.24299099,0.13468422,-0.07061108,0.0010951383,-0.0667993,-0.788149,-0.13063622,-0.7073398,-1.7103978,-0.23591447,-0.53139496,-1.9499221
65,-0.0,-0.0,-0.0,-0.4138326,0.8573603,0.93997526,0.38455355,0.7508469,1.0004159,-0.24262665,-0.1419379,0.06935663,-0.05739645,-0.6673928,-0.14574455,0.24216475,-1.4239979,-0.7378864,0.39386126,-1.5130877,-0.9725459,0.24262665,0.1419379,-0.06935663,-0.059565004,0.09266824,-0.79159874,-0.19543238,-0.48080623,-1.7441097,-0.3050579,-0.31611583,-1.9777343
66,-0.0,-0.0,-0.0,-0.39200893,0.84002244,0.9076114,0.39398792,0.7506779,0.9331208,-0.24267283,-0.14227203,0.07369224,-0.118155085,0.25054964,0.082294166,0.3144934,-0.22034506,-0.55982774,0.5782507,-0.17251441,-0.7834699,0.24267283,0.14227203,-0.07369224,-0.10579883,0.12488849,-0.789718,-0.28502926,-0.37419373,-1.7703552,-0.3977405,-0.1517006,-1.9914783
67,-0.0,-0.0,-0.0,-0.38864726,0.6996804,0.9134551,0.41114125,0.648916,0.94847757,-0.24279623,-0.14084192,0.07190218,-0.12525775,0.474852,0.0896513,0.32585126,0.08204623,-0.49611512,0.59675795,0.16140929,-0.71121895,0.24279623,0.14084192,-0.07190218,-0.079637915,0.23113091,-0.77137697,-0.22363111,-0.17096421,-1.7703985,-0.33559844,0.08455771,-1.9748389
68,-0.0,-0.0,-0.0,-0.38863096,0.7153196,0.90909886,0.43499893,0.6972382,0.95833737,-0.24301471,-0.1456822,0.09973974,-0.35483316,0.44376093,0.5990226,0.040084787,-0.1264917,-0.09052687,0.47596267,-0.11269177,-0.24479961,0.24301471,0.1456822,-0.09973974,-0.06993937,0.111295685,-0.8559435,-0.20443413,-0.49257404,-1.7693532,-0.34218943,-0.28621227,-1.9228493
69,-0.0,-0.0,-0.0,-0.38969263,0.73903954,0.94707525,0.42882958,0.6999882,0.9896307,-0.24594264,-0.14515154,0.09538775,-0.31994346,-0.5048532,0.08470293,-0.2118026,-1.6411173,-0.30996597,0.0038823741,-1.853623,-0.4927474,0.24594264,0.14515154,-0.09538775,-0.06339426,-0.06832377,-0.8424465,-0.1655814,-0.77305967,-1.710637,-0.26567006,-0.63575745,-1.9017234
70,-0.0,-0.0,-0.0,-0.3994846,0.77480066,0.95065385,0.4069085,0.74241626,0.9933159,-0.24690059,-0.13881727,0.077589594,-0.30983618,-0.56990457,-0.6010973,-0.20035592,-1.831075,-0.33301413,-0.024818717,-2.085679,-0.429025,0.24690059,0.13881727,-0.077589594,-0.017355312,-0.20902757,-0.8050905,-0.14057142,-1.0181328,-1.5659735,-0.23441659,-0.89226824,-1.8459207
71,-0.0,-0.0,-0.0,-0.42662197,0.8358518,0.9643207,0.37786746,0.7664082,1.0056052,-0.24765849,-0.13570572,0.054571316,-0.3008001,-0.42484793,-0.82095724,-0.15867463,-1.6317891,-0.42294234,0.016632196,-1.8868234,-0.5840947,0.24765849,0.13570572,-0.054571316,-0.010140414,-0.19033366,-0.72115016,-0.07141602,-0.96254796,-1.4875302,-0.1808376,-0.8534067,-1.804573
72,-0.0,-0.0,-0.0,-0.4268819,0.8080905,0.99286324,0.3901493,0.80435354,1.0180275,-0.2536993,-0.13647543,0.047131557,-0.29240227,-0.48842344,-0.8125295,-0.18647665,-1.6485033,-1.0341562,-0.18935686,-1.7964766,-1.2590015,0.2536993,0.13647543,-0.047131557,0.08785626,-0.25343964,-0.6963252,0.06910576,-1.3337207,-1.2134267,-0.0069719194,-1.2270577,-1.4732951
73,-0.0,-0.0,-0.0,-0.45799214,0.75337154,1.0053086,0.39010507,0.7700028,1.0754875,-0.26384676,-0.13442586,0.034555133,-0.2873167,-0.43318605,-0.78811336,-0.31779477,-1.5281397,-1.3382461,-0.35935462,-1.626784,-1.5827371,0.26384676,0.13442586,-0.034555133,0.11330285,-0.39420527,-0.666922,0.11537628,-1.480232,-1.2391583,0.09650226,-1.3814882,-1.4516257
74,-0.0,-0.0,-0.0,-0.4769472,0.7505144,1.0110474,0.38205358,0.7450013,1.0864602,-0.2735954,-0.1297034,0.021272479,-0.29622468,-0.2952721,-0.8234524,-0.40958846,-1.3186042,-1.4188595,-0.4062132,-1.4052505,-1.7386824,0.2735954,0.1297034,-0.021272479,0.24184479,-0.32381487,-0.6760545,0.25251907,-1.4313991,-1.12979,0.2378829,-1.4628965,-1.3520885
75,-0.0,-0.0,-0.0,-0.48236495,0.80825305,1.0173527,0.35672432,0.7602653,1.0840799,-0.27331638,-0.12497795,0.014049505,-0.35089108,-0.329037,-0.9160618,-0.48532325,-1.1412599,-1.6235541,-0.54264027,-1.1125591,-1.8941562,0.27331638,0.12497795,-0.014049505,0.24515843,-0.44462404,-0.6690294,0.36595386,-1.5130049,-1.2000692,0.3417158,-1.477101,-1.4215909
76,-0.0,-0.0,-0.0,-0.4937375,0.88876086,1.0057384,0.3291789,0.7835952,0.97669727,-0.27254716,-0.085767485,0.012524256,-0.4272161,0.093311444,-0.83288866,-0.5822226,-0.37882447,-1.6675154,-0.6192846,-0.25368673,-1.8532273,0.27254716,0.085767485,-0.012524256,0.2504221,-0.87772584,-0.6508228,0.45068747,-1.9581033,-1.0884935,0.4791315,-1.9105779,-1.2941594
77,-0.0,-0.0,-0.0,-0.5266557,0.8991025,0.9642539,0.2972991,0.7823207,0.97913265,-0.27233765,-0.057394467,0.0013426407,-0.48336813,0.39553338,-0.8310288,-0.5859441,0.14662471,-1.6928945,-0.56893474,0.32455525,-1.8265069,0.27233765,0.057394467,-0.0013426411,0.23534799,-0.8591073,-0.65010023,0.46595573,-1.9704099,-1.0508858,0.55290836,-1.8908358,-1.2213039
78,-0.0,-0.0,-0.0,-0.52463317,0.95678574,0.90489656,0.29805773,0.8217368,0.9607614,-0.27211285,-0.048280388,-0.012320364,-0.45920393,0.42770752,-0.8704509,-0.51777464,-0.020057376,-1.7120796,-0.47996455,0.122098245,-1.8475041,0.27211285,0.048280388,0.012320362,0.24673875,-0.8785489,-0.58679104,0.5063317,-1.987262,-0.93291104,0.6234765,-1.9397839,-1.0918862
79,-0.0,-0.0,-0.0,-0.5253992,0.95560294,0.9031163,0.304225,0.85839087,0.93699914,-0.2718975,-0.053162705,-0.01810335,-0.44946617,0.29301354,-0.9835434,-0.49920973,-0.24232708,-1.8636035,-0.50852764,-0.1706968,-2.1047645,0.2718975,0.053162705,0.01810335,0.2411378,-0.71906966,-0.5526528,0.58823586,-1.764331,-0.9078366,0.6634719,-1.7260327,-1.1136276
80,-0.0,-0.0,-0.0,-0.5221477,0.89345455,0.9321663,0.30811736,0.8402986,0.9682647,-0.269351,-0.056459963,-0.018001638,-0.44073287,0.32880533,-0.94486326,-0.4030321,-0.2783444,-1.7321994,-0.4887609,-0.26293936,-1.9720508,0.269351,0.056459963,0.018001638,0.28498107,-0.65475434,-0.5691263,0.7403199,-1.7021457,-0.726801,0.8352497,-1.7251736,-0.86011076
81,-0.0,-0.0,-0.0,-0.51990145,0.774324,0.9687762,0.3320648,0.7382059,1.0177099,-0.2665175,-0.057729002,-0.017051153,-0.4264955,0.6319081,-0.9033984,-0.28173223,-0.06496901,-1.630133,-0.35015884,-0.1313085,-1.8769583,0.2665175,0.057729002,0.017051153,0.27472848,-0.17744473,-0.6865415,0.7342261,-1.3782396,-0.7256668,0.8236631,-1.5448714,-0.8378852
82,-0.0,-0.0,-0.0,-0.50690615,0.77281976,0.97671187,0.3357427,0.7510657,1.0360917,-0.26469022,-0.07929956,-0.016075633,-0.27568352,-0.020121418,-0.91070503,-0.19634005,-0.89796776,-1.6225997,-0.24969952,-1.0681646,-1.8235263,0.26469022,0.07929956,0.016075633,0.2654401,-0.092612304,-0.718094,0.67181903,-1.3384768,-0.74224555,0.74175423,-1.5437951,-0.843769
83,-0.0,-0.0,-0.0,-0.5004691,0.7038216,1.0256172,0.33657852,0.6874482,1.0796914,-0.263222,-0.09636142,-0.015422541,-0.20310907,-0.17556913,-0.90598375,-0.11419073,-1.0508614,-1.5691655,-0.1581543,-1.1991452,-1.8077635,0.263222,0.09636142,0.015422543,0.21078008,-0.041554417,-0.7338177,0.6169467,-1.2648662,-0.8236973,0.6726538,-1.4504824,-0.95999914
84,-0.0,-0.0,-0.0,-0.5015445,0.7256192,1.0212471,0.33684868,0.7177011,1.0824138,-0.2629584,-0.10384761,-0.012615915,-0.17112009,-0.64498085,-0.8838624,-0.08538041,-1.6040643,-1.4734011,-0.14482118,-1.6909853,-1.7284728,0.2629584,0.10384761,0.012615915,0.12509882,-0.3773428,-0.69993687,0.33871257,-1.431196,-1.1567056,0.3618746,-1.4484084,-1.3447583
85,-0.0,-0.0,-0.0,-0.5087667,0.7375251,1.0196017,0.33703592,0.7438605,1.0933433,-0.26295015,-0.107867226,-0.0075434707,-0.1587338,-0.7952129,-0.8459867,-0.038538165,-1.7359622,-1.3933452,-0.06709613,-1.8229755,-1.6478294,0.26295015,0.107867226,0.0075434707,0.057688005,-0.44828683,-0.702019,0.17070417,-1.4257338,-1.3205241,0.19528338,-1.3340577,-1.5300599
86,-0.0,-0.0,-0.0,-0.50831914,0.792211,1.0169454,0.27554077,0.80416673,1.0386299,-0.25600874,-0.116972044,0.0020148235,-0.083126254,-0.8747258,-0.77948487,0.03205315,-1.816384,-1.2912029,0.060684696,-1.9422787,-1.5686431,0.25600874,0.116972044,-0.0020148228,0.0020568403,-0.43598488,-0.7255312,0.102168545,-1.389518,-1.4696251,0.06809237,-1.3105977,-1.7685268
87,-0.0,-0.0,-0.0,-0.51143056,0.8457414,0.99161124,0.22441804,0.832992,0.9898658,-0.2473103,-0.13358289,0.018279744,0.011955071,-1.0838795,-0.59200776,0.1554679,-2.0340383,-1.067711,0.18283367,-2.2004266,-1.3128806,0.2473103,0.13358289,-0.018279744,-0.05227343,-0.32248712,-0.7585855,-0.012799866,-1.0674602,-1.5385854,-0.07428846,-0.97666967,-1.8064896
88,-0.0,-0.0,-0.0,-0.5573227,0.9206787,0.95801693,0.1962267,0.8636664,0.9429776,-0.24133715,-0.14793904,0.03837491,0.024370125,-1.0515511,-0.49227506,0.22957961,-2.0048535,-0.9098578,0.2659023,-2.1837375,-1.0982738,0.24133715,0.14793904,-0.03837491,-0.12824972,-0.14864765,-0.76779497,-0.18306121,-0.70521593,-1.6347195,-0.259566,-0.5815094,-1.8367003
89,-0.0,-0.0,-0.0,-0.6067904,0.923345,0.8933787,0.17720997,0.8726614,0.89874685,-0.24007508,-0.16387765,0.04563366,0.0074025034,-1.1051897,-0.45386195,0.25301337,-2.0674093,-0.8712076,0.2665577,-2.2152069,-1.0514349,0.24007508,0.16387765,-0.04563366,-0.2106512,-0.043057058,-0.76546043,-0.30343303,-0.477046,-1.6579659,-0.40906316,-0.29233995,-1.8184875
90,-0.0,-0.0,-0.0,-0.6485727,0.9313775,0.84637666,0.11959355,0.8649148,0.8646131,-0.24178742,-0.17181326,0.044509634,-0.02546005,-0.9302606,-0.51387715,0.30295968,-1.8534946,-0.83448714,0.41046336,-2.0139844,-1.0881408,0.24178742,0.17181326,-0.044509634,-0.29460907,0.37284863,-0.7277318,-0.3232772,0.002995174,-1.6196021,-0.40547517,0.17042346,-1.8540996
91,-0.0,-0.0,-0.0,-0.64415634,0.93012065,0.85381275,0.1392721,0.8616924,0.8588284,-0.24174806,-0.17412004,0.047697537,-0.009637725,-0.8945016,-0.4401461,0.32712516,-1.83595,-0.7370287,0.4258455,-2.0287833,-0.96583474,0.24174806,0.17412004,-0.047697537,-0.31683606,0.31987485,-0.7291522,-0.3116687,-0.16812785,-1.6495705,-0.376193,-0.048752192,-1.898574
92,-0.0,-0.0,-0.0,-0.6335063,0.93869025,0.8409801,0.15050228,0.86530435,0.8329717,-0.24154511,-0.17724405,0.047555245,0.015647134,-0.8755788,-0.47481176,0.34756836,-1.8024544,-0.5691767,0.5147947,-1.9900022,-0.7285301,0.24154511,0.17724405,-0.047555245,-0.30881238,0.22469388,-0.7316268,-0.2564738,-0.2904039,-1.6873769,-0.34226334,-0.16701624,-1.9649981
93,-0.0,-0.0,-0.0,-0.6283018,0.9550273,0.8246456,0.15549669,0.8786536,0.82295567,-0.24280976,-0.17964113,0.04483153,-0.042442564,-0.7662713,-0.6013328,0.29454193,-1.758953,-0.5683782,0.49415398,-1.9308071,-0.7449126,0.24280976,0.17964113,-0.04483153,-0.26434612,0.25485578,-0.68108284,-0.20892447,-0.21644412,-1.6378019,-0.2975422,-0.07466077,-1.9554267
94,-0.0,-0.0,-0.0,-0.5909319,0.9494468,0.8353182,0.16168672,0.87598073,0.8400726,-0.24230601,-0.17874822,0.049028553,-0.23470521,-0.7655922,-0.42511392,-0.067812525,-1.8465629,-0.49107808,0.07414735,-2.0830858,-0.6272263,0.24230601,0.17874822,-0.049028553,-0.19891647,-0.15192375,-0.7693545,-0.16966268,-0.8162858,-1.6569684,-0.24969563,-0.7032208,-1.9360685
95,-0.0,-0.0,-0.0,-0.56395656,0.95968103,0.8421606,0.17195155,0.87604946,0.8366242,-0.24361089,-0.1764342,0.048723705,-0.2702981,-0.73446083,-0.5322683,-0.11531448,-1.8658692,-0.5812183,-0.005005265,-2.1329265,-0.69424254,0.24361089,0.1764342,-0.048723705,-0.1060426,-0.29271594,-0.781796,-0.045630906,-1.096498,-1.6301503,-0.18424219,-1.0380701,-1.8983785
96,-0.0,-0.0,-0.0,-0.54329556,0.9190817,0.90183395,0.21042725,0.9118141,0.9085333,-0.24367633,-0.17244586,0.042195924,-0.2920167,-0.7604648,-0.70579386,-0.059159473,-1.8588473,-0.8126699,0.003453968,-2.081402,-0.94979966,0.24367633,0.17244586,-0.042195924,-0.014257733,-0.4063034,-0.69964767,0.078367375,-1.3717548,-1.2869265,-0.017124763,-1.2976712,-1.5003583
97,-0.0,-0.0,-0.0,-0.5414438,0.9168262,0.91511977,0.22341572,0.9072414,0.91358596,-0.2463505,-0.16191246,0.037193753,-0.32067823,-0.71552545,-0.8074134,-0.20759979,-1.7586288,-1.1482856,-0.22105423,-1.8830963,-1.3571097,0.2463505,0.16191246,-0.037193753,0.05639875,-0.44422752,-0.6796503,0.1706828,-1.4344033,-1.2797052,0.06675838,-1.34312,-1.5144998
98,-0.0,-0.0,-0.0,-0.5246577,0.8823916,0.954341,0.2714228,0.84041953,0.95141035,-0.25372365,-0.15496695,0.031813353,-0.34826902,-0.40365338,-0.80501306,-0.28829205,-1.3716146,-1.2487819,-0.34527764,-1.4778935,-1.4992927,0.25372365,0.15496695,-0.031813353,0.18155536,-0.36419374,-0.680967,0.25718713,-1.3995063,-1.2117056,0.16941828,-1.363998,-1.4491237
99,-0.0,-0.0,-0.0,-0.52433693,0.899354,0.95209116,0.26607317,0.8658692,0.93468636,-0.25372514,-0.14671864,0.027361147,-0.37743068,-0.49229887,-0.8999898,-0.40839982,-1.3580971,-1.5093325,-0.49093622,-1.3900138,-1.7382009,0.25372514,0.14671864,-0.027361147,0.19747959,-0.48523855,-0.65657806,0.39716536,-1.5270146,-1.1919733,0.34847575,-1.4637222,-1.4101065
100,-0.0,-0.0,-0.0,-0.5165693,0.9340579,0.90046155,0.26329565,0.8882121,0.86809325,-0.25365013,-0.122087136,0.021974856,-0.44496986,-0.20336595,-0.88776267,-0.5866524,-0.7604292,-1.6648154,-0.67910004,-0.6554085,-1.8319627,0.25365013,0.122087136,-0.021974856,0.2262938,-0.67087543,-0.6452599,0.4965686,-1.7530919,-1.1355801,0.47735175,-1.6835128,-1.3530738
